FLAG_NM,FCLTY_NM,RDNMADR_NM,CTPRVN_CD,SIGNGU_CD,FCLTY_LO,FCLTY_LA,AREA_NM,HMPG_URL,TEL_NO,MENU_PRC,OPER_TIME,BASE_DE
사찰음식점,일월정,대구광역시 달성군 논공읍 논공로 697-5,27,27710,128.451691,35.730642,대구,https://blog.naver.com/jjy9148,053-615-0558,사랑상 33000,,2021-12-31
궁중음식점,단원 한정식,경기도 안산시 단원구 광덕대로 251,41,41273,126.829881,37.319155,경기,http://www.seokparang.co.kr/,02-395-2500,"궁중수라, 160 000 원, 석파, 130 000 원, 만세, 110 000 원, 점심 수복, 66 000 원, 진찬, 88 000 원",매일12:00 ~ 22:00,2021-12-31
궁중음식점,요리,경기도 파주시 탄현면 법흥로 106,41,41480,126.706202,37.777053,경기,http://www.philkyungjae.co.kr/rain/index.php,02-445-2115,"미정식, 54 000 원, 죽정식, 84 000 원, 국화정식, 102 000 원, 난정식, 132 000 원, 매화정식, 165 000 원",매일12:00 ~ 22:00,2021-12-31
궁중음식점,참나무쟁이,경기도 포천시 내촌면 내리 267,41,41650,127.233379,37.79461,경기,www.samcheonggak.or.kr/index.asp,02-765-3700,"상견례수라, 82 500 원, 제육덮밥, 16 500 원, 다세트A, 36 300 원, 웨딩메뉴(난초), 96 800 원, 웨딩메뉴(모란), 72 600 원",매일12:00 ~ 22:00,2021-12-31
궁중음식점,송화한정식,경상남도 진주시 도동천로 82,48,48170,128.109504,35.179129,경남,http://www.koreahouse.or.kr/,02-2266-9101~3,"녹음정식 68 000 원 , 청우정식 88 000 원, 해린정식 122 000 원, 어진정식 150 000 원","오찬 12:00 ~ 14:00, 만찬 17:00 ~ 21:00",2021-12-31
궁중음식점,요석궁,경상북도 경주시 교촌안길 19-4,47,47130,129.216878,35.830354,경북,http://www.jinpoongjeong.com,02-538-7733,"진연코스, 49 000원, 진풍정A, 68 000원, 진찬코스, 38 000원, 진풍정B, 55 000원, 어상B코스, 80 000원",매일 11:30 - 22:00  Break time 15:00~17:00,2021-12-31
사찰음식점,연화바루,경상북도 경주시 대경로 4827,47,47130,129.186389,35.823034,경북,,054-774-5378,바루특정식 18000,,2021-12-31
궁중음식점,수리뫼,경상북도 경주시 내남면 포석로 110-32,47,47130,129.208158,35.752202,경북,http://www.jinpoongjeong.com,02-786-9701,"진찬코스, 68 000원, 진풍정A코스, 49 000원, 진연코스, 55 000원, 진풍정B코스, 120 000원, 어상A코스",매일 11:30 - 22:00  Break time 15:00~17:00,2021-12-31
궁중음식점,연당,경상북도 구미시 금오산로 108,47,47190,128.332825,36.124942,경북,http://www.gyuban.com,02-541-1555,"오찬정식 (午餐定食), 변동, 대표만찬 1 (晩餐一), 변동, 만찬 2(晩餐二), 변동, 친선 (親選)",주중12:00평일 12:00 - 23:00브레이크 타임 15:00~18:00 ~ 23:00,2021-12-31
궁중음식점,라연 서울신라호텔,서울특별시 중구 동호로 249 신라호텔,11,11140,127.005789,37.557832,서울,https://www.siksinhot.com/P/264329,043-644-2577,정식 15 000원,매일 12:30 - 21:00,2021-12-31
궁중음식점,부숙 한정식,경상북도 안동시 목성교길 19-1,47,47170,128.72896,36.567182,경북,http://www.jinpoongjeong.com,02-777-8004,"진찬코스, 68 000원, 진풍정A코스, 49 000원, 진연코스, 55 000원, 진풍정B코스, 120 000원, 어상A코스",매일 11:30 - 22:00 15:00~17:00 브레이크 타임,2021-12-31
궁중음식점,기와집,전라북도 군산시 임피면 읍내리 251-1,45,45130,126.848154,35.985121,전북,http://www.gooong.co.kr/,063-227-0844,진상·선상·미상 16만원~25만원(4인 기준),11시~21시,2021-12-31
궁중음식점,거목 한정식,광주광역시 남구 천변좌로364번길 3-6,29,29155,126.911575,35.145634,광주,http://www.hanmiri.co.kr/,02-757-5707,"저녁 수라정찬, 77 000원, 저녁 어반옥 베스트, 66 000원, 점심 들깨신선로 반상, 34 000원, 점심 비빔밥 반상, 38 000원, 점심 수삼 떡갈비 반상, 46 000원",매일 11:30 - 15:00 점심영업 매일 18:00 - 21:30저녁영업,2021-12-31
궁중음식점,명선헌,광주광역시 동구 지호로127번길 11,29,29110,126.943306,35.150304,광주,http://www.jihwajafood.co.kr/,02-2269-5834,"세트메뉴(점심 저녁), 80 000~85 000, 풀코스(점심 저녁), 120 000~195 000, 비건코스(완전채식), 130 000, 글루텐프리코스, 130 000","점심 11:30 ~ 15:00 (라스트오더 13:30), 저녁 17:30 ~ 22:00 (라스트오더 20:00",2021-12-31
궁중음식점,동래별장,부산광역시 동래구 금강로123번길 12,26,26260,129.079302,35.220539,부산,https://koreasudam.modoo.at/,02-558-4900,"담정식, 23 000, 보리굴비정식, 38 000, 선비상, 35 000, 대감상, 45 000, 진연상, 55 000, 수라상, 77 000원, 용왕상, 11 000원","평일 11:30 - 22:00, 휴식3:00~5:30, 주말 12:00 - 22:00, 휴식3:00~5:30",2021-12-31
궁중음식점,뜰아래채,부산광역시 해운대구 달맞이길65번길 148,26,26350,129.177961,35.156613,부산,https://www.mayfield.co.kr/2017/kor/html/restaurants/bongraeheon.asp,,"미락지찬 (주중 저녁 예약제로 판매하며  5인 이하시 주문가능합니다) 60 000, 점심상차림, 58 000, 진연, 89 000, 수라, 107 000, 금강, 120 000",점심 12:00 ~ 15:00  저녁 18:00 ~ 21:30,2021-12-31
사찰음식점,강나루약선한정식,대구광역시 달성군 다사읍 서재로27길 49,27,27710,128.496258,35.875861,대구,,053-591-9252,행복상 12000,,2021-12-31
궁중음식점,서라벌 서초점,서울특별시 서초구 법원로3길 6-9,11,11650,127.009121,37.49421,서울,https://www.hanilkwan.co.kr/aboutus,02-732-3735,"새 상차림 , 33 000",11:30 ~ 21:30,2021-12-31
사찰음식점,향적원,경상북도 경주시 불국로 131,47,47130,129.307733,35.783949,경북,,054-775-0014,연잎밥정식 10000,,2021-12-31
궁중음식점,서초원,서울특별시 서초구 서초대로 283,11,11650,127.012634,37.493672,서울,http://www.yongsusan.co.kr/bw/main_bw_ko.asp,02-743-5999,"솔정식, 68 000원, 시림정식, 88 000원, 예절정식, 120 000원, 운산정식, 160 000원",매일 12:00 - 22:00 브레이크 타임 15:00-18:00,2021-12-31
궁중음식점,도동산방,울산광역시 울주군 상북면 송락골길 133,31,31710,129.096382,35.604188,울산,www.siksinhot.com/P/409634,063-232-4141,"160 000~480 000원, 4인 한상차림, 480 000원, 만성 스페셜",주중12:00 ~ 21:00,2021-12-31
사찰음식점,정강희 두부마을,대구광역시 달성군 다사읍 죽곡2길 2-6,27,27710,128.460726,35.85784,대구,,053-592-4900,두부마을 정찬 25000,,2021-12-31
사찰음식점,녹야원,대구광역시 북구 동암로 128-10,27,27230,128.564545,35.943266,대구,https://enolja.com/t/0533146686,053-314-6686,수라상A 38000,,2021-12-31
궁중음식점,두레유,서울특별시 종로구 북촌로 65,11,11110,126.984908,37.582757,서울,www.siksinhot.com/P/384622,063-282-0054,"정식은 4인 기준(숙), 60 000 원, 한정식은 4인 기준(특), 200 000 원, 한정식은 4인 기준(진), 160 000 원, 한정식은 4인 기준(선), 120 000 원, 한정식은 4인 기준(미), 100 000 원, 꽃게탕, 20 000 원, 양념게장, 20 000 원, 청국장, 8 000 원",주중11:00 ~ 22:00,2021-12-31
궁중음식점,한아름 한정식,서울특별시 강남구 언주로 148길 14,11,11680,127.03596,37.520347,서울,https://www.siksinhot.com/P/426208,02-6250-3110,"진하코스(2인이상 주문가능), 38 000 원, 진진바라코스(2인이상 주문가능), 49 000 원, 진찬코스(2인이상 주문가능), 62 000 원, 진연코스(2인이상 주문가능), 72 000 원",주말12:00 ~ 21:00주중11:30 ~ 22:00,2021-12-31
궁중음식점,필경재,서울특별시 강남구 광평로 205,11,11680,127.095247,37.484873,서울,http://bukchonri.com/,02-736-2233,"한정식 코스 33 000~88 000, 신선로코스 60 000원","11:00 ~ 22:00, break time 15:00~17:00",2021-12-31
궁중음식점,수담한정식,서울특별시 강남구 삼성동 봉은사로 418,11,11680,127.045995,37.510517,서울,http://daejanggeumkorea.com,02-3213-4534,"전통 수라상(미), 38 000원, 전통 수라상(진) , 54 000원, 진찬수라상, 78 000원, 진연수라상, 98 000",11:00 ~ 24:00,2021-12-31
궁중음식점,규반,서울특별시 강남구 선릉로153길 32 2층,11,11680,127.036818,37.52485,서울,https://www.siksinhot.com/P/268370,062-228-2942,"한정식 (1인), 30 000 원 ~ 50 000",매일 12:00 - 22:00Break time 15:00~17:00,2021-12-31
궁중음식점,한일관,서울특별시 강남구 압구정로38길 14,11,11680,127.032504,37.527788,서울,http://www.dooreyoo.com/,02-743-2468,"하늘 코스, 55 000 원, 달 코스, 77 000 원, 별 코스, 110 000 원, 런치코스, 30 000 원, 셰프테이스팅코스메뉴(바루/대지-2일전 예약필수), 250 000 원","매일11:00 ~ 22:30, 휴식시간, 매일 , 15:00 ~ 17:00",2021-12-31
사찰음식점,산촌 고양점,경기도 고양시 덕양구 보광로 234,41,41281,126.912421,37.735285,경기,,031-969-9865,저녁정식 45000,,2021-12-31
사찰음식점,무심정,부산광역시 금정구 북문로 23,26,26410,129.05595,35.25195,부산,,051-517-3352,점심특선 팔보연밥 14000,,2021-12-31
사찰음식점,장미식당,충청북도 단양군 영춘면 백자1길 3-8,43,43800,128.484578,37.042068,충북,,043-423-7255,사찰한정식 20000,,2021-12-31
궁중음식점,칠량,서울특별시 강남구 영동대로 731,11,11680,127.054784,37.523013,서울,http://www.태능경회루.kr,02-972-2774,"정식, 25 000 원, 점심특선, 20 000 원",매일11:00 ~ 22:00,2021-12-31
궁중음식점,진풍정 강남점,서울특별시 강남구 테헤란로52길 15,11,11680,127.047943,37.50318,서울,http://seorabol.kr/,02-599-5288,"점심특선, 49 000원, 대표서라벌(徐羅伐)정식, 29 000원, 보리굴비정식, 39 000원, 수(秀)정식, 59 000원, 일품(一品)정식",매일 11:30 - 22:00Break time 15:00~17:00 평일,2021-12-31
사찰음식점,약반,경기도 광주시 퇴촌면 영동리 332,41,41210,127.372778,37.477868,경기,,031-767-8976,건강밥상 20000,,2021-12-31
궁중음식점,옥류헌,서울특별시 강북구 삼양로181길 142,11,11305,127.007922,37.670019,서울,https://www.siksinhot.com/P/365083,02-3789-5130,"수라상, 79 000 원, 명동정식, 39 000 원, 귀빈상, 59 000 원, 수라상, 79 000 원",매일 11:00 - 22:00,2021-12-31
사찰음식점,향적원 첨성대점,경상북도 경주시 원화로 181번길 13-2,47,47130,129.218147,35.836587,경북,,054-772-0014,사찰쌈밥정식 15000,,2021-12-31
궁중음식점,봉래헌,서울특별시 강서구 방화대로 94,11,11500,126.818794,37.547577,서울,http://www.shilla.net/seoul/dining,02-2230-3367,"점심코스, 108 000 원 ~ 198 000원 , 저녁코스, 195 000 원 ~ 270 000원","매일12:00 ~ 22:00, 휴식시간, 14:30 ~ 18:00",2021-12-31
궁중음식점,경회루,서울특별시 노원구 동일로 1005,11,11350,127.074537,37.619941,서울,http://www.koryeojeong.com/,02-313-1555,"한정식 고려상, 55 000 원, 런치 A, 20 000 원, 런치 B, 25 000 원, 점심특선, 35 000 원, 한정식 만수무강상, 65 000 원","주중, 11:00 ~ 22:00",2021-12-31
궁중음식점,용수산,서울특별시 서초구 서초중앙로 188 아크로비스타,11,11650,127.013413,37.498085,서울,http://www.seoulgaon.co.kr/,02-733-3276,"궁, 40 000 원, 상, 50 000 원, 각, 60 000 원, 평일점심특선, 30 000 원","매일, 11:30 ~ 22:00",2021-12-31
궁중음식점,삼청각,서울특별시 성북구 대사관로 3,11,11290,126.984148,37.597077,서울,http://www.okryuhun.com/index.html,02-993-1829,"점심특선 18 500, 매정식 25 000, 난정식 36 000, 수정식 46 000, 화정식 58 000, 어진상 68 000",매일 11:30 - 21:30,2021-12-31
궁중음식점,대장금 롯데월드몰,서울특별시 송파구 올림픽로300 롯데월드 캐주얼동5층,11,11710,127.102669,37.512889,서울,www.siksinhot.com/P/368849,02-591-9674,"연잎오리 황토구이, 68 000 원, 산정식, 48 000 원, 물냉면, 10 000 원, 떡갈비, 8 000 원",매일 12:00 - 21:00Break time 15:00~18:00,2021-12-31
궁중음식점,진풍정 여의도점,서울특별시 영등포구 국제금융로8길 27-8,11,11560,126.928413,37.519465,서울,http://www.pulhyanggi.co.kr/,02-796-3490,"점심특선, 26 000 원, 풀향기 정식, 39 000 원",매일11:00 ~ 22:00,2021-12-31
궁중음식점,풀향기,서울특별시 용산구 한남동 726-54,11,11170,127.003903,37.541381,서울,http://www.dullegol.com/,02-735-9966,"둘레골정식, 18 000 원, 별정식, 30 000 원, 점심특선, 18 000 원, 별정식, 33 000 원, 달정식, 43 000 원, 해정식, 55 000 원, VIP정식, 88 000 원, 저녁특선, 28 000 원","매일, 11:30 ~ 22:00",2021-12-31
궁중음식점,비원가든,충청북도 제천시 내토로 181,43,43150,128.178439,37.1301,충북,https://www.siksinhot.com/P/280956,062-672-0333,"한정식 기본, 30 000 원, 한정식 저녁, 40 000 원, 한정식 신선로 등 추가, 30 000 원, 한정식 더덕+전복+장어구이 등 추가, 35 000 원",매일11:00 ~ 22:00,2021-12-31
사찰음식점,산촌미학,경상남도 산청군 신안면 원지로122번길 40,48,48860,127.981493,35.294614,경남,,055-974-0320,약선정식 25000,,2021-12-31
궁중음식점,진풍정 서울역점,서울특별시 용산구 후암로 107 게이트웨이타워 2층,11,11170,126.973581,37.553466,서울,http://www.hanarem.co.kr/,02-517-8064,"름정식, 28 000, 비정식, 38 000, 명품부서굴비정식(양식), 30 000, 아정식, 50 000, 남도일품정식, 60 000",매일 11:00 - 21:30,2021-12-31
궁중음식점,설가온,서울특별시 종로구 세종대로 175,11,11110,126.975893,37.572255,서울,http://www.kr7r.com/,02-516-7095,"평일 점심정식 일량 , 19 800 원, 평일 점심정식 이량, 27 500 원, 삼량 코스요리, 38 500 원",주중11:30 ~ 22:00,2021-12-31
궁중음식점,둘레골 한정식,서울특별시 종로구 인사동14길 44,11,11110,126.984662,37.575051,서울,http://www.seochowon.com/,02-596-0928,"점심특선메뉴1, 22 000 원, 점심특선메뉴2, 27 500 원, 점심특선메뉴3, 33 000 원, 궁중상, 40 000 원, 수라상, 46 000 원, 세종상, 60 000 원","매일 11:30 - 15:00점심, 매일 17:00 - 22:00저녁",2021-12-31
궁중음식점,북촌리 한정식,서울특별시 종로구 인사동6길 13,11,11110,126.986515,37.573671,서울,http://chamnamu.co.kr,031-531-7970,"낮것상 17 000, 진지상 28 000, 진찬상 47 000, 수라상 68 000",10:00 ~21:00,2021-12-31
사찰음식점,수자타,광주광역시 동구 동산길7번길 3,29,29110,126.946637,35.132017,광주,,062-222-1145,채식뷔페 7000,,2021-12-31
사찰음식점,큰나무집 밥,대구광역시 달성군 가창면 우록길 24,27,27710,128.659535,35.733459,대구,http://www.bigtreehouse.co.kr/,053-793-0007,사찰정식 15000,,2021-12-31
궁중음식점,전라도음식이야기,전라북도 전주시 덕진구 아중6길 14-6,45,45111,127.172882,35.832921,전북,https://store.naver.com/restaurants/detail?id=11696329,063-453-2010,"신선로 1인분, 40 000원, 토종 백숙, 40 000원, 보신 수육 중, 12 000원, 보신탕, 12 000원, 한방 삼계탕, 7 000원, 청국장, 15 000원",매일 11:30 - 21:00,2021-12-31
궁중음식점,지화자,서울특별시 종로구 자하문로 125,11,11110,126.968864,37.587763,서울,http://oneding.blog.me/,031-401-3500,"광덕상차림(평일점심특선), 29 000원, 궁연상차림(평일점심특선), 39 000원, 고잔상차림, 49 000원, 진연상차림, 59 000원, 궁중상차림",매일 11:30 - 22:00,2021-12-31
궁중음식점,만성 한정식,전라북도 전주시 완산구 바우배기1길 31-9,45,45111,127.105012,35.815138,전북,http://www.jfoodstory.com/,063-244-4477,"특별한정식, 60 000 원 ~ 200 000 원, 일반한정식(2인이상 1인기준), 20 000 원 ~ 30 000 원, 한정식비빔밥, 20 000 원, 황제비빔밥, 12 000 원","주중, 11:30 ~ 22:00",2021-12-31
궁중음식점,석파랑,서울특별시 종로구 자하문로 309,11,11110,126.958684,37.599216,서울,https://www.siksinhot.com/P/252543,031-945-1033,"스폐셜 런치 코스(평일), 15 000 원, A 코스, 22 000 원, B 코스, 32 000 원, C 코스, 53 000 원, D 코스, 73 000 원",매일11:00 ~ 22:00,2021-12-31
궁중음식점,궁,전라북도 전주시 완산구 천잠로 337,45,45111,127.093271,35.817096,전북,https://www.siksinhot.com/P/1011396,051-744-0125,"달맞이상, 50 000원, 매 한정식, 40 000원, 난 한정식, 30 000원, 국 한정식, 20 000원","12:00 ~ 22:00, BreakTime: 15:00~16:00",2021-12-31
사찰음식점,조희숙의 상록수 향토음식 체험장,충청남도 당진시 송악읍 송악로 784-14,44,44830,126.755594,36.942889,충남,,,체험한정식 15000,,2021-12-31
궁중음식점,리스홈,서울특별시 중구 삼일대로 299,11,11140,126.988523,37.561596,서울,https://www.siksinhot.com/P/264627,054-855-8898,"한정식 상차림, 20 000 원, 안동국시, 7 000 원, 궁중요리정식, 100 000 원",매일12:00 ~ 20:00,2021-12-31
궁중음식점,고려정,서울특별시 중구 서소문로 38,11,11140,126.96623,37.560421,서울,http://www.surime.kr/,054-748-2507,"점심특선 경주야채찜갈비 1 (평일한정 1인기준), 15 000 원, 수경당 품, 55 000 원",매일11:30 ~ 21:00,2021-12-31
궁중음식점,한미리,서울특별시 중구 청계천로 8 프리미어플레이스 F2,11,11140,126.978215,37.568833,서울,http://www.yosokkoong.com/,054-772-3347,"반월정식(1인), 39 000 원, 계림정식(1인), 69 000 원, 안압정식(1인), 99 000 원, 요석정식(1인), 159 000 원",매일11:30 ~ 21:00,2021-12-31
궁중음식점,한국의집,서울특별시 중구 퇴계로 36길 10,11,11140,126.994542,37.560107,서울,http://www.instagram.com/yeondang_gumi,054-456-2532,"명절 비빔밥 당세트, 9 000원, 아보카도명란 비빔밥, 8 000원, 명절 비빔밥 연세트, 12 000원, 간장새우장 정식, 15 000원, 닭가슴살 카프레제 샐러드, 15 000원",매일 11:00 - 21:00,2021-12-31
궁중음식점,섬섬옥수,충청북도 청주시 청원구 무심동로 518,43,43110,127.482697,36.64672,충북,http://www.dodongsanbang.com,052-254-7076,"평일점심특선, 20 000 원, 수라 한정식 코스, 28 000 원, 일품 한정식 코스, 38 000 원, 단오 한정식 코스, 55 000 원, 궁중 한정식 (사전 예약제), 110 000 원",매일 12:00 - 21:30,2021-12-31
사찰음식점,단야식당,경상남도 하동군 화개면 석문길 2,48,48850,127.643826,35.230469,경남,,,사찰국수 7000,,2021-12-31
사찰음식점,걸구쟁이네 본점,경기도 여주시 강천면 강문로 707,41,41730,127.718887,37.264584,경기,,031-885-9875,사찰정식 15000,,2021-12-31
궁중음식점,진진바라 강남점,서울특별시 테헤란로52길 15,11,11680,126.977874,37.566415,서울,http://www.isonghwa.com/,055-753-4443,"송화정식, 15 000, 송화일품식, 25 000, 송화궁중정식, 35 000, 송화수라정식, 50 000, 송화스페셜정식, 80 000",매일12:00 ~ 15:00,2021-12-31
사찰음식점,정강원한국전통음식문화체험관,강원도 평창군 용평면 금당계곡로 2010-13,42,42760,128.408035,37.570387,강원,,033-333-1011,정강원정식 25000,,2021-12-31
사찰음식점,시목약선한정식,대구광역시 중구 달구벌대로 2130-8 (봉산동),27,27110,128.596717,35.86439,대구,,053-558-3334,장수밥상 25000,,2021-12-31
사찰음식점,목련정사,경기도 여주시 금사면 외평리 447 (발림길 89-75),27,41730,127.513008,37.393035,경기,https://blog.naver.com/mokryun49,031-882-5328,떡갈나뭇잎 밥상 25000,,2021-12-31
궁중음식점,양반가,전라북도 전주시 완산구 최명희길 30-2,45,45111,127.15119,35.81614,전북,https://store.naver.com/restaurants/detail?id=16511081,051-552-0157,"점심정식, 30 000~40 000, 저녁정식, 55 000~120 000",매일 12:00 - 15:00점심매일 18:00 - 21:00저녁,2021-12-31
사찰음식점,채근담 역삼점,서울특별시 강남구 역삼로98길 23,11,11680,127.065052,37.503415,서울,,02-555-9173,채근담 베스트 56500,,2021-12-31
사찰음식점,채근담 대치점,서울특별시 강남구 테헤란로 152,11,11680,127.036504,37.500032,서울,,02-569-7165,채근담 52500,,2021-12-31
사찰음식점,일상,서울특별시 서초구 마방로6길 7-27,11,11650,127.042699,37.476304,서울,http://blog.naver.com/ilsang2015,070-4130-1313,연잎밥상 8000,,2021-12-31
사찰음식점,도반,서울특별시 서초구 마방로6길 7-27 지하1층,11,11650,127.042699,37.476304,서울,https://blog.naver.com/quad007,02-1644-1803,점심특선 10000,,2021-12-31
사찰음식점,꾼쿠킨뉴,서울특별시 서초구 사평대로52길 12 2층,11,11650,127.022481,37.50253,서울,https://www.instagram.com/gguncookinnew/,,비빔밥12000,,2021-12-31
사찰음식점,걸구쟁이네 송파점,서울특별시 송파구 송파대로 111,11,11710,127.123578,37.480491,서울,,02-401-4320,산채나물정식 14000,,2021-12-31
사찰음식점,아승지,서울특별시 영등포구 신길로 176,11,11560,126.911205,37.507855,서울,,02-832-7595,아승지 반상 20000,,2021-12-31
사찰음식점,초록채,제주특별자치도 제주시 애월읍 유수암리 1970,50,50110,126.398837,33.442182,제주,,064-799-6144,초록채 정식 15000,,2021-12-31
사찰음식점,소식,서울특별시 용산구 신흥로 57,11,11170,126.987353,37.543547,서울,http://soseekseoul.com,,요즘애들 면 15000,,2021-12-31
사찰음식점,발우공양,서울특별시 종로구 우정국로 56,11,11110,126.983183,37.57393,서울,,02-733-2081,선식 30000,,2021-12-31
사찰음식점,산촌 본점,서울특별시 종로구 인사동길 30-13,11,11110,126.986162,37.573794,서울,,02-735-0312,점심정식 33000,,2021-12-31
사찰음식점,마지,서울특별시 종로구 자하문로5길 19,11,11110,126.970793,37.577589,서울,,02-536-5228,오늘의 마지 10000,,2021-12-31
사찰음식점,곽가네음식,서울특별시 종로구 통인동 46-25,11,11110,126.969099,37.580584,서울,,02-735-3268,곽가네정식A 20000,,2021-12-31
사찰음식점,향원식당,경상남도 합천군 가야면 치인1길 9-1,48,48890,128.08819,35.791415,경남,,055-932-7575,향원한정식 25000,,2021-12-31
사찰음식점,적수방,서울특별시 중구 동호로24길 7-6,11,11140,127.004881,37.559726,서울,,02-2276-0993,점심뷔페 8000,,2021-12-31
전통차,청량다원,"강원도 평창군 진부면 오대산로 1211-14, 상원사 2층",42,42760,,,강원,,333328037,,,2021-12-31
전통차,보고싶다(茶),"경기도 안양시 동안구 경수대로584번길 8, 태호빌딩 지상1층 (호계동)",41,41173,,,경기,,314243155,,,2021-12-31
전통차,은당,"경기도 안성시 공도읍 승두길 33, 1층 우측호",41,41550,,,경기,,316556585,,,2021-12-31
전통차,다화당,"인천광역시 강화군 불은면 중앙로 694, 2층",28,28710,,,인천,,329379266,,,2021-12-31
전통차,통영다원,"경상남도 통영시 무전4길 25, 리오그린빌딩 402호 (무전동)",48,48220,,,경남,,556455524,,,2021-12-31
전통차,더웰스토리,"대전광역시 대덕구 중리동로 84, 1층 (중리동)",30,30230,,,대전,,426253216,,,2021-12-31
전통차,차다마실래,"경상남도 통영시 광도면 죽림3로 23-57, 104호 (다임 솔카운티)",48,48220,,,경남,,556481121,,,2021-12-31
전통차,민정도자기전통차,"대전광역시 유성구 전민로30번길 28, 1층 (전민동)",30,30200,,,대전,,428634984,,,2021-12-31
전통차,(주)꽃과열매,"경상남도 양산시 상북면 소토로 31, 2층 일부",48,48330,,,경남,,553752251,,,2021-12-31
전통차,쌍계명차 현대백화점 판교점,"경기도 성남시 분당구 판교역로146번길 20, 현대백화점 판교점 지하1층 일부호 (백현동)",41,41130,,,경기,,3151701077,,,2021-12-31
전통차,설향다원,전라남도 해남군 삼산면 대흥사길 166-1,46,46820,126.61707,34.496175,전남,,615358004,,,2021-12-31
전통차,홍린한방꽃차,"부산광역시 사하구 윤공단로 116, 1층 (다대동)",26,26380,,,부산,,512622990,,,2021-12-31
전통차,흑도깨비건강까페,"경기도 부천시 경인로53번길 14, 1층 일부호 (송내동)",41,41190,,,경기,,7043511918,,,2021-12-31
전통차,차마실,"경상북도 김천시 구성면 남김천대로 2611, 2층",47,47150,,,경북,,544301004,,,2021-12-31
전통차,헤세드신라방찻집,경상북도 경주시 하동공예촌길 15 (하동),47,47130,129.310679,35.805728,경북,,547757394,,,2021-12-31
전통차,연화,"부산광역시 기장군 기장읍 연화길 12-1, 1층",26,26710,,,부산,,517226226,,,2021-12-31
전통차,웰빙까페,"울산광역시 동구 월봉10길 5, 2층 (화정동)",31,31170,,,울산,,522353399,,,2021-12-31
전통차,동다실,전라남도 해남군 삼산면 대흥사길 400,46,46820,126.616766,34.476312,전남,,615336890,,,2021-12-31
전통차,나들목,전라북도 완주군 소양면 전진로 1616,45,45710,127.322333,35.855533,전북,,634328625,,,2021-12-31
전통차,수락폭포갤러리선다원,전라남도 구례군 산동면 수락길 55,46,46730,127.457325,35.34595,전남,,617816464,,,2021-12-31
전통차,산마루,전라남도 보성군 회천면 녹차로 721,46,46780,127.087769,34.711191,전남,,618522366,,,2021-12-31
전통차,차뜨락,전라북도 군산시 임피면 서원석곡로 468-7,45,45130,126.842156,35.974438,전북,,634672143,,,2021-12-31
전통차,수리봉쉼터,"경상남도 창원시 진해구 진해대로1099번길 150, 2층 일부호 (장천동)",48,48123,,,경남,,555510990,,,2021-12-31
전통차,차호,"강원도 태백시 장수길 17, 1층 (황지동)",42,42190,,,강원,,335529001,,,2021-12-31
전통차,다인 전통찻집,전라북도 고창군 고창읍 월곡로 51,45,45790,126.710814,35.436294,전북,,635643660,,,2021-12-31
전통차,달리아아트문화센터,"경기도 광명시 하안로 60, 광명테크노파크 E동 207일부호 (소하동)",41,41210,,,경기,,220600088,,,2021-12-31
전통차,황금밭 산야초 힐링카페,전라남도 해남군 해남읍 북부순환로 121,46,46820,126.598633,34.574407,전남,,615373040,,,2021-12-31
궁중음식점,궁중막창,경상남도 산청군 금서면 동의보감로 1045-31 현대분식,48,48860,127.7927897,35.4627934,경남,,055-973-1008,,,2021-12-31
궁중음식점,궁중낙지,광주광역시 광산구 손재로110번길 25,29,29200,126.7980889,35.1763175,광주,,062-959-7700,,,2021-12-31
궁중음식점,홍익궁중전통육개장 김제점,전라북도 김제시 검산택지5길 11-5,45,45210,126.9025774,35.8016766,전북,,063-548-6699,,,2021-12-31
궁중음식점,궁중의밤,경상남도 남해군 남면 남서대로 796-4,48,48840,127.8849192,34.771631,경남,,055-863-0821,,,2021-12-31
궁중음식점,궁중한방보쌈족발,경상북도 경산시 둥지로 89-1 의성원룸 지1층,47,47290,128.7481021,35.842997,경북,,0504-0544-1170,,,2021-12-31
궁중음식점,궁중탕수육,부산광역시 수영구 구락로10번길 14,26,26500,129.1203908,35.1689461,부산,,051-754-2614,,,2021-12-31
궁중음식점,그랜드 워커힐 서울 온달,서울특별시 광진구 워커힐로 177 그랜드 워커힐 서울 2층,11,11215,127.1108905,37.5552126,서울,,02-450-4518,,,2021-12-31
궁중음식점,신가원 설렁탕,서울특별시 중구 을지로1길 10,11,11140,126.9799371,37.5664845,서울,,02-778-8898,,,2021-12-31
궁중음식점,노마세야매운갈비찜 수원역점,경기도 수원시 팔달구 향교로 12-1 2층,41,41115,127.0026503,37.2677609,경기,,031-254-4277,,,2021-12-31
궁중음식점,갈비명가이상 답십리점,서울특별시 동대문구 천호대로 327,11,11230,127.0564361,37.5645708,서울,,02-2243-8200,,,2021-12-31
궁중음식점,매운대방이점,서울특별시 송파구 양재대로71길 5-11,11,11710,127.125774,37.5097792,서울,,02-6407-0721,,,2021-12-31
궁중음식점,용수산 비원점,서울특별시 종로구 창덕궁1길 2,11,11110,126.9891157,37.5794068,서울,,02-743-5999,,,2021-12-31
궁중음식점,맛보래 즉석 떡볶이,서울특별시 종로구 인사동3길 9,11,11110,126.9862328,37.5717593,서울,,02-720-4831,,,2021-12-31
궁중음식점,궁중음식연구원,서울특별시 종로구 창덕궁5길 16 조선왕조궁중음식전수관,11,11110,126.9892135,37.5835632,서울,,02-3673-1122,,,2021-12-31
궁중음식점,들꽃향 한정식,경기도 시흥시 물왕수변로 12-1,41,41390,126.8305674,37.3816561,경기,,031-405-4054,,,2021-12-31